{
    "display": {
      "icon": {
        "item": "minecraft:brown_mushroom"
      },
      "title": "Brown Mushroom",
      "description": "Obtain Brown Mushroom",
      "frame": "task",
      "show_toast": true,
      "announce_to_chat": true,
      "hidden": false
    },
    "parent": "qfe:nature_and_loot/lily_pad",
    "criteria": {
      "has_cobblestone": {
        "trigger": "minecraft:inventory_changed",
        "conditions": {
          "items": [
            {
              "items": ["minecraft:brown_mushroom"],
              "count": {
                "min": 1,
                "max": 64
              }
            }
          ]
        }
      }
    },
    "rewards": {
      "function": "qfe:nature_and_loot/brown_mushroom"
    }
  }