{
    "display": {
      "icon": {
        "item": "minecraft:cactus"
      },
      "title": "Cactus",
      "description": "Obtain Cactus",
      "frame": "task",
      "show_toast": true,
      "announce_to_chat": true,
      "hidden": false
    },
    "parent": "qfe:nature_and_loot/dead_bush",
    "criteria": {
      "has_cobblestone": {
        "trigger": "minecraft:inventory_changed",
        "conditions": {
          "items": [
            {
              "items": ["minecraft:cactus"],
              "count": {
                "min": 1,
                "max": 64
              }
            }
          ]
        }
      }
    },
    "rewards": {
      "function": "qfe:nature_and_loot/cactus"
    }
  }