{
    "display": {
      "icon": {
        "item": "minecraft:disc_fragment_5"
      },
      "title": "Disc Fragment",
      "description": "Obtain Disc Fragment",
      "frame": "task",
      "show_toast": true,
      "announce_to_chat": true,
      "hidden": false
    },
    "parent": "qfe:nature_and_loot/echo_shard",
    "criteria": {
      "has_cobblestone": {
        "trigger": "minecraft:inventory_changed",
        "conditions": {
          "items": [
            {
              "items": ["minecraft:disc_fragment_5"],
              "count": {
                "min": 1,
                "max": 64
              }
            }
          ]
        }
      }
    },
    "rewards": {
      "function": "qfe:nature_and_loot/disc_fragment_5"
    }
  }