{
    "display": {
      "icon": {
        "item": "minecraft:echo_shard"
      },
      "title": "Echo Shard",
      "description": "Obtain Echo Shard",
      "frame": "task",
      "show_toast": true,
      "announce_to_chat": true,
      "hidden": false
    },
    "parent": "qfe:nature_and_loot/ominious_banner",
    "criteria": {
      "has_cobblestone": {
        "trigger": "minecraft:inventory_changed",
        "conditions": {
          "items": [
            {
              "items": ["minecraft:echo_shard"],
              "count": {
                "min": 1,
                "max": 64
              }
            }
          ]
        }
      }
    },
    "rewards": {
      "function": "qfe:nature_and_loot/echo_shard"
    }
  }