{
    "display": {
      "icon": {
        "item": "minecraft:ender_eye"
      },
      "title": "Eye of Ender",
      "description": "Obtain Eye of Ender",
      "frame": "task",
      "show_toast": true,
      "announce_to_chat": true,
      "hidden": false
    },
    "parent": "qfe:nature_and_loot/ender_pearl",
    "criteria": {
      "has_cobblestone": {
        "trigger": "minecraft:inventory_changed",
        "conditions": {
          "items": [
            {
              "items": ["minecraft:ender_eye"],
              "count": {
                "min": 1,
                "max": 64
              }
            }
          ]
        }
      }
    },
    "rewards": {
      "function": "qfe:nature_and_loot/ender_eye"
    }
  }