{
    "display": {
      "icon": {
        "item": "minecraft:flowering_azalea_leaves"
      },
      "title": "Flowering Azalea Leaves",
      "description": "Obtain Flowering Azalea Leaves",
      "frame": "task",
      "show_toast": true,
      "announce_to_chat": true,
      "hidden": false
    },
    "parent": "qfe:nature_and_loot/azalea_leaves",
    "criteria": {
      "has_cobblestone": {
        "trigger": "minecraft:inventory_changed",
        "conditions": {
          "items": [
            {
              "items": ["minecraft:flowering_azalea_leaves"],
              "count": {
                "min": 1,
                "max": 64
              }
            }
          ]
        }
      }
    },
    "rewards": {
      "function": "qfe:nature_and_loot/flowering_azalea_leaves"
    }
  }