{
    "display": {
      "icon": {
        "item": "minecraft:leather"
      },
      "title": "Leather",
      "description": "Obtain Leather",
      "frame": "task",
      "show_toast": true,
      "announce_to_chat": true,
      "hidden": false
    },
    "parent": "qfe:nature_and_loot/egg",
    "criteria": {
      "has_cobblestone": {
        "trigger": "minecraft:inventory_changed",
        "conditions": {
          "items": [
            {
              "items": ["minecraft:leather"],
              "count": {
                "min": 1,
                "max": 64
              }
            }
          ]
        }
      }
    },
    "rewards": {
      "function": "qfe:nature_and_loot/leather"
    }
  }