{
    "display": {
      "icon": {
        "item": "minecraft:lily_of_the_valley"
      },
      "title": "Lily of the Valley",
      "description": "Obtain Lily of the Valley",
      "frame": "task",
      "show_toast": true,
      "announce_to_chat": true,
      "hidden": false
    },
    "parent": "qfe:nature_and_loot/allium",
    "criteria": {
      "has_cobblestone": {
        "trigger": "minecraft:inventory_changed",
        "conditions": {
          "items": [
            {
              "items": ["minecraft:lily_of_the_valley"],
              "count": {
                "min": 1,
                "max": 64
              }
            }
          ]
        }
      }
    },
    "rewards": {
      "function": "qfe:nature_and_loot/lily_of_the_valley"
    }
  }