{
    "display": {
      "icon": {
        "item": "minecraft:muddy_mangrove_roots"
      },
      "title": "Muddy Mangrove Roots",
      "description": "Obtain Muddy Mangrove Roots",
      "frame": "task",
      "show_toast": true,
      "announce_to_chat": true,
      "hidden": false
    },
    "parent": "qfe:nature_and_loot/mud",
    "criteria": {
      "has_cobblestone": {
        "trigger": "minecraft:inventory_changed",
        "conditions": {
          "items": [
            {
              "items": ["minecraft:muddy_mangrove_roots"],
              "count": {
                "min": 1,
                "max": 64
              }
            }
          ]
        }
      }
    },
    "rewards": {
      "function": "qfe:nature_and_loot/muddy_mangrove_roots"
    }
  }