{
    "display": {
      "icon": {
        "item": "minecraft:music_disc_ward"
      },
      "title": "Music Disc - Ward",
      "description": "Obtain Music Disc - Ward",
      "frame": "task",
      "show_toast": true,
      "announce_to_chat": true,
      "hidden": false
    },
    "parent": "qfe:nature_and_loot/music_disc_strad",
    "criteria": {
      "has_cobblestone": {
        "trigger": "minecraft:inventory_changed",
        "conditions": {
          "items": [
            {
              "items": ["minecraft:music_disc_ward"],
              "count": {
                "min": 1,
                "max": 64
              }
            }
          ]
        }
      }
    },
    "rewards": {
      "function": "qfe:nature_and_loot/music_disc_ward"
    }
  }