{
    "display": {
      "icon": {
        "item": "minecraft:glow_berries"
      },
      "title": "Glow Berries",
      "description": "Obtain Glow Berries",
      "frame": "task",
      "show_toast": true,
      "announce_to_chat": true,
      "hidden": false
    },
    "parent": "qfe:agriculture/sweet_berries",
    "criteria": {
      "has_cobblestone": {
        "trigger": "minecraft:inventory_changed",
        "conditions": {
          "items": [
            {
              "items": ["minecraft:glow_berries"],
              "count": {
                "min": 1,
                "max": 64
              }
            }
          ]
        }
      }
    },
    "rewards": {
      "function": "qfe:agriculture/glow_berries"
    }
  }