{
    "display": {
      "icon": {
        "item": "minecraft:jack_o_lantern"
      },
      "title": "Jack o'Lantern",
      "description": "Obtain Jack o'Lantern",
      "frame": "task",
      "show_toast": true,
      "announce_to_chat": true,
      "hidden": false
    },
    "parent": "qfe:agriculture/carved_pumpkin",
    "criteria": {
      "has_cobblestone": {
        "trigger": "minecraft:inventory_changed",
        "conditions": {
          "items": [
            {
              "items": ["minecraft:jack_o_lantern"],
              "count": {
                "min": 1,
                "max": 64
              }
            }
          ]
        }
      }
    },
    "rewards": {
      "function": "qfe:agriculture/jack_o_lantern"
    }
  }