{
    "display": {
      "icon": {
        "item": "minecraft:melon_slice"
      },
      "title": "Melon Slice",
      "description": "Obtain Melon Slice",
      "frame": "task",
      "show_toast": true,
      "announce_to_chat": true,
      "hidden": false
    },
    "parent": "qfe:agriculture/melon_seeds",
    "criteria": {
      "has_cobblestone": {
        "trigger": "minecraft:inventory_changed",
        "conditions": {
          "items": [
            {
              "items": ["minecraft:melon_slice"],
              "count": {
                "min": 1,
                "max": 64
              }
            }
          ]
        }
      }
    },
    "rewards": {
      "function": "qfe:agriculture/melon_slice"
    }
  }