{
    "display": {
      "icon": {
        "item": "minecraft:mutton"
      },
      "title": "Raw Mutton",
      "description": "Obtain Raw Mutton",
      "frame": "task",
      "show_toast": true,
      "announce_to_chat": true,
      "hidden": false
    },
    "parent": "qfe:agriculture/cooked_porkchop",
    "criteria": {
      "has_cobblestone": {
        "trigger": "minecraft:inventory_changed",
        "conditions": {
          "items": [
            {
              "items": ["minecraft:mutton"],
              "count": {
                "min": 1,
                "max": 64
              }
            }
          ]
        }
      }
    },
    "rewards": {
      "function": "qfe:agriculture/mutton"
    }
  }