{
    "display": {
      "icon": {
        "item": "minecraft:suspicious_stew",
        "nbt": "{Effects:[{EffectId:10}]}"
      },
      "title": "Suspicious Stew",
      "description": "Regeneration",
      "frame": "task",
      "show_toast": true,
      "announce_to_chat": true,
      "hidden": false
    },
    "parent": "qfe:agriculture/poison_suspicious_stew",
    "criteria": {
      "has_cobblestone": {
        "trigger": "minecraft:inventory_changed",
        "conditions": {
          "items": [
            {
              "items": ["minecraft:suspicious_stew"],
              "nbt": "{Effects:[{EffectId:10}]}",
              "count": {
                "min": 1,
                "max": 64
              }
            }
          ]
        }
      }
    },
    "rewards": {
      "function": "qfe:agriculture/regeneration_suspicious_stew"
    }
  }