{
	"display": {
		"icon": {
			"item": "minecraft:player_head",
			"nbt": "{SkullOwner:{Id:[I;0,0,0,0],Properties:{textures:[{Value:'eyJ0ZXh0dXJlcyI6eyJTS0lOIjp7InVybCI6Imh0dHA6Ly90ZXh0dXJlcy5taW5lY3JhZnQubmV0L3RleHR1cmUvMzVlMmUwOTU5NzEyZGNkMzM1N2NjM2NlYTg1Zjk5YjNmZDgwOTc4NTVjNzU0YjliMTcxZjk2MzUxNDIyNWQifX19'}]}}}"
		},
		"title": "Agriculture",
		"frame": "challenge",
		"description": ["",{"text":"All Agriculture related Items & Blocks\n","color":"gold"}],
		"background": "minecraft:textures/block/mushroom_stem.png",
		"show_toast": false,
		"announce_to_chat": false
	},
	"criteria": {
		"tick": {
			"trigger": "minecraft:tick"
		}
	}
}