{
    "display": {
      "icon": {
        "item": "minecraft:dragon_egg"
      },
      "title": "Dragon Egg",
      "description": "Obtain Dragon Egg",
      "frame": "task",
      "show_toast": true,
      "announce_to_chat": true,
      "hidden": false
    },
    "parent": "qfe:end/end_crystal",
    "criteria": {
      "has_cobblestone": {
        "trigger": "minecraft:inventory_changed",
        "conditions": {
          "items": [
            {
              "items": ["minecraft:dragon_egg"],
              "count": {
                "min": 1,
                "max": 64
              }
            }
          ]
        }
      }
    },
    "rewards": {
      "function": "qfe:checks/check_dragon_egg"
    }
  }