{
    "display": {
      "icon": {
        "item": "minecraft:elytra"
      },
      "title": "Elytra",
      "description": "Obtain Elytra",
      "frame": "task",
      "show_toast": true,
      "announce_to_chat": true,
      "hidden": false
    },
    "parent": "qfe:end/dragon_head",
    "criteria": {
      "has_cobblestone": {
        "trigger": "minecraft:inventory_changed",
        "conditions": {
          "items": [
            {
              "items": ["minecraft:elytra"],
              "count": {
                "min": 1,
                "max": 64
              }
            }
          ]
        }
      }
    },
    "rewards": {
      "function": "qfe:end/elytra"
    }
  }