{
    "display": {
      "icon": {
        "item": "minecraft:orange_shulker_box"
      },
      "title": "Orange Shulker Box",
      "description": "Obtain Orange Shulker Box",
      "frame": "task",
      "show_toast": true,
      "announce_to_chat": true,
      "hidden": false
    },
    "parent": "qfe:end/red_shulker_box",
    "criteria": {
      "has_cobblestone": {
        "trigger": "minecraft:inventory_changed",
        "conditions": {
          "items": [
            {
              "items": ["minecraft:orange_shulker_box"],
              "count": {
                "min": 1,
                "max": 64
              }
            }
          ]
        }
      }
    },
    "rewards": {
      "function": "qfe:end/orange_shulker_box"
    }
  }