{
    "display": {
      "icon": {
        "item": "minecraft:purpur_slab"
      },
      "title": "Purpur Slab",
      "description": "Obtain Purpur Slab",
      "frame": "task",
      "show_toast": true,
      "announce_to_chat": true,
      "hidden": false
    },
    "parent": "qfe:end/purpur_block",
    "criteria": {
      "has_cobblestone": {
        "trigger": "minecraft:inventory_changed",
        "conditions": {
          "items": [
            {
              "items": ["minecraft:purpur_slab"],
              "count": {
                "min": 1,
                "max": 64
              }
            }
          ]
        }
      }
    },
    "rewards": {
      "function": "qfe:end/purpur_slab"
    }
  }