{
	"display": {
		"icon": {
			"item": "minecraft:player_head",
			"nbt": "{SkullOwner:{Id:[I;0,0,0,0],Properties:{textures:[{Value:'eyJ0ZXh0dXJlcyI6eyJTS0lOIjp7InVybCI6Imh0dHA6Ly90ZXh0dXJlcy5taW5lY3JhZnQubmV0L3RleHR1cmUvZTJkZmI0YjBmZWQxODI3YWRhMjkyZmU5MTdmY2E2YWM4MDBhZmNmNTZmOGU0YTI5MGIyYmQ5Y2FhM2ExMmMzNiJ9fX0='}]}}}"
		},
		"title": "End Items",
		"frame": "challenge",
		"description": ["",{"text":"All End related Items & Blocks\n","color":"gold"}],
		"background": "minecraft:textures/block/end_stone.png",
		"show_toast": false,
		"announce_to_chat": false
	},
	"criteria": {
		"tick": {
			"trigger": "minecraft:tick"
		}
	}
}