{
    "display": {
      "icon": {
        "item": "minecraft:shulker_box"
      },
      "title": "Shulker Box",
      "description": "Obtain Shulker Box",
      "frame": "task",
      "show_toast": true,
      "announce_to_chat": true,
      "hidden": false
    },
    "parent": "qfe:end/shulker_shell",
    "criteria": {
      "has_cobblestone": {
        "trigger": "minecraft:inventory_changed",
        "conditions": {
          "items": [
            {
              "items": ["minecraft:shulker_box"],
              "count": {
                "min": 1,
                "max": 64
              }
            }
          ]
        }
      }
    },
    "rewards": {
      "function": "qfe:end/shulker_box"
    }
  }