{
    "display": {
      "icon": {
        "item": "minecraft:yellow_shulker_box"
      },
      "title": "Yellow Shulker Box",
      "description": "Obtain Yellow Shulker Box",
      "frame": "task",
      "show_toast": true,
      "announce_to_chat": true,
      "hidden": false
    },
    "parent": "qfe:end/orange_shulker_box",
    "criteria": {
      "has_cobblestone": {
        "trigger": "minecraft:inventory_changed",
        "conditions": {
          "items": [
            {
              "items": ["minecraft:yellow_shulker_box"],
              "count": {
                "min": 1,
                "max": 64
              }
            }
          ]
        }
      }
    },
    "rewards": {
      "function": "qfe:end/yellow_shulker_box"
    }
  }