{
    "display": {
      "icon": {
        "item": "minecraft:blast_furnace"
      },
      "title": "Blast Furnace",
      "description": "Obtain Blast Furnace",
      "frame": "task",
      "show_toast": true,
      "announce_to_chat": true,
      "hidden": false
    },
    "parent": "qfe:manufactured/smoker",
    "criteria": {
      "has_cobblestone": {
        "trigger": "minecraft:inventory_changed",
        "conditions": {
          "items": [
            {
              "items": ["minecraft:blast_furnace"],
              "count": {
                "min": 1,
                "max": 64
              }
            }
          ]
        }
      }
    },
    "rewards": {
      "function": "qfe:manufactured/blast_furnace"
    }
  }