{
    "display": {
      "icon": {
        "item": "minecraft:cartography_table"
      },
      "title": "Cartography Table",
      "description": "Obtain Cartography Table",
      "frame": "task",
      "show_toast": true,
      "announce_to_chat": true,
      "hidden": false
    },
    "parent": "qfe:manufactured/smithing_table",
    "criteria": {
      "has_cobblestone": {
        "trigger": "minecraft:inventory_changed",
        "conditions": {
          "items": [
            {
              "items": ["minecraft:cartography_table"],
              "count": {
                "min": 1,
                "max": 64
              }
            }
          ]
        }
      }
    },
    "rewards": {
      "function": "qfe:manufactured/cartography_table"
    }
  }