{
    "display": {
      "icon": {
        "item": "minecraft:damaged_anvil"
      },
      "title": "Damaged Anvil",
      "description": "Obtain Damaged Anvil",
      "frame": "task",
      "show_toast": true,
      "announce_to_chat": true,
      "hidden": false
    },
    "parent": "qfe:manufactured/chipped_anvil",
    "criteria": {
      "has_cobblestone": {
        "trigger": "minecraft:inventory_changed",
        "conditions": {
          "items": [
            {
              "items": ["minecraft:damaged_anvil"],
              "count": {
                "min": 1,
                "max": 64
              }
            }
          ]
        }
      }
    },
    "rewards": {
      "function": "qfe:manufactured/damaged_anvil"
    }
  }