{
    "display": {
      "icon": {
        "item": "minecraft:enchanted_book"
      },
      "title": "Enchanted Book",
      "description": "Obtain Enchanted Book",
      "frame": "task",
      "show_toast": true,
      "announce_to_chat": true,
      "hidden": false
    },
    "parent": "qfe:manufactured/written_book",
    "criteria": {
      "has_cobblestone": {
        "trigger": "minecraft:inventory_changed",
        "conditions": {
          "items": [
            {
              "items": ["minecraft:enchanted_book"],
              "count": {
                "min": 1,
                "max": 64
              }
            }
          ]
        }
      }
    },
    "rewards": {
      "function": "qfe:manufactured/enchanted_book"
    }
  }