{
    "display": {
      "icon": {
        "item": "minecraft:iron_trapdoor"
      },
      "title": "Iron Trapdoor",
      "description": "Obtain Iron Trapdoor",
      "frame": "task",
      "show_toast": true,
      "announce_to_chat": true,
      "hidden": false
    },
    "parent": "qfe:manufactured/iron_door",
    "criteria": {
      "has_cobblestone": {
        "trigger": "minecraft:inventory_changed",
        "conditions": {
          "items": [
            {
              "items": ["minecraft:iron_trapdoor"],
              "count": {
                "min": 1,
                "max": 64
              }
            }
          ]
        }
      }
    },
    "rewards": {
      "function": "qfe:manufactured/iron_trapdoor"
    }
  }