{
    "display": {
      "icon": {
        "item": "minecraft:light_weighted_pressure_plate"
      },
      "title": "Light Weighted Pressure Plate",
      "description": "Obtain Light Weighted Pressure Plate",
      "frame": "task",
      "show_toast": true,
      "announce_to_chat": true,
      "hidden": false
    },
    "parent": "qfe:manufactured/heavy_weighted_pressure_plate",
    "criteria": {
      "has_cobblestone": {
        "trigger": "minecraft:inventory_changed",
        "conditions": {
          "items": [
            {
              "items": ["minecraft:light_weighted_pressure_plate"],
              "count": {
                "min": 1,
                "max": 64
              }
            }
          ]
        }
      }
    },
    "rewards": {
      "function": "qfe:manufactured/light_weighted_pressure_plate"
    }
  }