{
    "display": {
      "icon": {
        "item": "minecraft:lime_candle"
      },
      "title": "Lime Candle",
      "description": "Obtain Lime Candle",
      "frame": "task",
      "show_toast": true,
      "announce_to_chat": true,
      "hidden": false
    },
    "parent": "qfe:manufactured/yellow_candle",
    "criteria": {
      "has_cobblestone": {
        "trigger": "minecraft:inventory_changed",
        "conditions": {
          "items": [
            {
              "items": ["minecraft:lime_candle"],
              "count": {
                "min": 1,
                "max": 64
              }
            }
          ]
        }
      }
    },
    "rewards": {
      "function": "qfe:manufactured/lime_candle"
    }
  }