{
	"display": {
		"icon": {
			"item": "minecraft:player_head",
			"nbt": "{SkullOwner:{Id:[I;0,0,0,0],Properties:{textures:[{Value:'eyJ0ZXh0dXJlcyI6eyJTS0lOIjp7InVybCI6Imh0dHA6Ly90ZXh0dXJlcy5taW5lY3JhZnQubmV0L3RleHR1cmUvZGU2NDQwYThkNTk5MmMyNjdkMmEzMzYzODgyOTY0YWMyYmE1MjJmMmY5MTE0YTZmN2QxN2IzNTcyMmQyZjVmOCJ9fX0='}]}}}"
		},
		"title": "Manufactured Items",
		"frame": "challenge",
		"description": ["",{"text":"All Manufactured Items & Blocks\n","color":"gold"}],
		"background": "minecraft:textures/block/cartography_table_side3.png",
		"show_toast": false,
		"announce_to_chat": false
	},
	"criteria": {
		"tick": {
			"trigger": "minecraft:tick"
		}
	}
}