{
    "display": {
      "icon": {
        "item": "minecraft:skull_banner_pattern"
      },
      "title": "Skull Banner Pattern",
      "description": "Obtain Skull Banner Pattern",
      "frame": "task",
      "show_toast": true,
      "announce_to_chat": true,
      "hidden": false
    },
    "parent": "qfe:manufactured/creeper_banner_pattern",
    "criteria": {
      "has_cobblestone": {
        "trigger": "minecraft:inventory_changed",
        "conditions": {
          "items": [
            {
              "items": ["minecraft:skull_banner_pattern"],
              "count": {
                "min": 1,
                "max": 64
              }
            }
          ]
        }
      }
    },
    "rewards": {
      "function": "qfe:manufactured/skull_banner_pattern"
    }
  }