{
    "display": {
      "icon": {
        "item": "minecraft:potion",
        "nbt": "{Potion:'minecraft:awkward'}"
      },
      "title": "Awkward Potion",
      "description": "Obtain Awkward Potion",
      "frame": "task",
      "show_toast": true,
      "announce_to_chat": true,
      "hidden": false
    },
    "parent": "qfe:brewing/lingering_water_bottle",
    "criteria": {
      "has_cobblestone": {
        "trigger": "minecraft:inventory_changed",
        "conditions": {
          "items": [
            {
                "items": ["minecraft:potion"],
                "potion": "minecraft:awkward",
              "count": {
                "min": 1,
                "max": 64
              }
            }
          ]
        }
      }
    },
    "rewards": {
      "function": "qfe:brewing/awkward_potion"
    }
  }