{
    "display": {
      "icon": {
        "item": "minecraft:potion",
        "nbt": "{Potion:'minecraft:fire_resistance'}"
      },
      "title": "Potion of Fire Resistance",
      "description": "Fire Resistance (3:00)",
      "frame": "task",
      "show_toast": true,
      "announce_to_chat": true,
      "hidden": false
    },
    "parent": "qfe:brewing/magma_cream",
    "criteria": {
      "has_cobblestone": {
        "trigger": "minecraft:inventory_changed",
        "conditions": {
          "items": [
            {
                "items": ["minecraft:potion"],
                "potion": "minecraft:fire_resistance",
              "count": {
                "min": 1,
                "max": 64
              }
            }
          ]
        }
      }
    },
    "rewards": {
      "function": "qfe:brewing/fire_resistance_potion"
    }
  }