{
    "display": {
      "icon": {
        "item": "minecraft:glistering_melon_slice"
      },
      "title": "Glistering Melon Slice",
      "description": "Obtain Glistering Melon Slice",
      "frame": "task",
      "show_toast": true,
      "announce_to_chat": true,
      "hidden": false
    },
    "parent": "qfe:brewing/root",
    "criteria": {
      "has_cobblestone": {
        "trigger": "minecraft:inventory_changed",
        "conditions": {
          "items": [
            {
              "items": ["minecraft:glistering_melon_slice"],
              "count": {
                "min": 1,
                "max": 64
              }
            }
          ]
        }
      }
    },
    "rewards": {
      "function": "qfe:brewing/glistering_melon_slice"
    }
  }