{
    "display": {
      "icon": {
        "item": "minecraft:splash_potion",
        "nbt": "{Potion:'minecraft:long_swiftness'}"
      },
      "title": "Splash Potion of Swiftness",
      "description": "Speed (8:00)",
      "frame": "task",
      "show_toast": true,
      "announce_to_chat": true,
      "hidden": false
    },
    "parent": "qfe:brewing/long_swiftness_potion",
    "criteria": {
      "has_cobblestone": {
        "trigger": "minecraft:inventory_changed",
        "conditions": {
          "items": [
            {
                "items": ["minecraft:splash_potion"],
                "potion": "minecraft:long_swiftness",
              "count": {
                "min": 1,
                "max": 64
              }
            }
          ]
        }
      }
    },
    "rewards": {
      "function": "qfe:brewing/long_swiftness_splash_potion"
    }
  }