{
    "display": {
      "icon": {
        "item": "minecraft:lingering_potion",
        "nbt": "{Potion:'minecraft:long_weakness'}"
      },
      "title": "Lingering Potion of Weakness",
      "description": "Weakness (1:00)",
      "frame": "task",
      "show_toast": true,
      "announce_to_chat": true,
      "hidden": false
    },
    "parent": "qfe:brewing/long_weakness_splash_potion",
    "criteria": {
      "has_cobblestone": {
        "trigger": "minecraft:inventory_changed",
        "conditions": {
          "items": [
            {
                "items": ["minecraft:lingering_potion"],
                "potion": "minecraft:long_weakness",
              "count": {
                "min": 1,
                "max": 64
              }
            }
          ]
        }
      }
    },
    "rewards": {
      "function": "qfe:brewing/long_weakness_lingering_potion"
    }
  }