{
    "display": {
      "icon": {
        "item": "minecraft:nether_wart"
      },
      "title": "Nether Wart",
      "description": "Obtain Nether Wart",
      "frame": "task",
      "show_toast": true,
      "announce_to_chat": true,
      "hidden": false
    },
    "parent": "qfe:brewing/cauldron",
    "criteria": {
      "has_cobblestone": {
        "trigger": "minecraft:inventory_changed",
        "conditions": {
          "items": [
            {
              "items": ["minecraft:nether_wart"],
              "count": {
                "min": 1,
                "max": 64
              }
            }
          ]
        }
      }
    },
    "rewards": {
      "function": "qfe:brewing/nether_wart"
    }
  }