{
    "display": {
      "icon": {
        "item": "minecraft:potion",
        "nbt": "{Potion:'minecraft:poison'}"
      },
      "title": "Potion of Poison",
      "description": "Poison (0:45)",
      "frame": "task",
      "show_toast": true,
      "announce_to_chat": true,
      "hidden": false
    },
    "parent": "qfe:brewing/spider_eye",
    "criteria": {
      "has_cobblestone": {
        "trigger": "minecraft:inventory_changed",
        "conditions": {
          "items": [
            {
                "items": ["minecraft:potion"],
                "potion": "minecraft:poison",
              "count": {
                "min": 1,
                "max": 64
              }
            }
          ]
        }
      }
    },
    "rewards": {
      "function": "qfe:brewing/poison_potion"
    }
  }