{
	"display": {
		"icon": {
			"item": "minecraft:player_head",
			"nbt": "{SkullOwner:{Id:[I;0,0,0,0],Properties:{textures:[{Value:'eyJ0ZXh0dXJlcyI6eyJTS0lOIjp7InVybCI6Imh0dHA6Ly90ZXh0dXJlcy5taW5lY3JhZnQubmV0L3RleHR1cmUvODQ4YTE5Y2RmNDJkNzQ4YjQxYjcyZmI0Mzc2YWUzZjYzYzExNjVkMmRjZTA2NTE3MzNkZjI2MzQ0NmM3N2JhNiJ9fX0='}]}}}"
		},
		"title": "Brewing",
		"frame": "challenge",
		"description": ["",{"text":"All Brewing related Items & Blocks\n","color":"gold"}],
		"background": "minecraft:textures/block/light_blue_terracotta.png",
		"show_toast": false,
		"announce_to_chat": false
	},
	"criteria": {
		"tick": {
			"trigger": "minecraft:tick"
		}
	}
}