{
    "display": {
      "icon": {
        "item": "minecraft:tipped_arrow",
        "nbt": "{Potion:'minecraft:strong_strength'}"
      },
      "title": "Arrow of Strength",
      "description": "Strength II (0:11)",
      "frame": "task",
      "show_toast": true,
      "announce_to_chat": true,
      "hidden": false
    },
    "parent": "qfe:brewing/strong_strength_lingering_potion",
    "criteria": {
      "has_cobblestone": {
        "trigger": "minecraft:inventory_changed",
        "conditions": {
          "items": [
            {
              "items": ["minecraft:tipped_arrow"],
              "potion": "minecraft:strong_strength",
              "count": {
                "min": 1,
                "max": 64
              }
            }
          ]
        }
      }
    },
    "rewards": {
      "function": "qfe:brewing/strong_strength_tipped_arrow"
    }
  }