{
    "display": {
      "icon": {
        "item": "minecraft:potion",
        "nbt": "{Potion:'minecraft:strong_harming'}"
      },
      "title": "Potion of Harming",
      "description": "Instant Damage II",
      "frame": "task",
      "show_toast": true,
      "announce_to_chat": true,
      "hidden": false
    },
    "parent": "qfe:brewing/harming_tipped_arrow",
    "criteria": {
      "has_cobblestone": {
        "trigger": "minecraft:inventory_changed",
        "conditions": {
          "items": [
            {
                "items": ["minecraft:potion"],
                "potion": "minecraft:strong_harming",
              "count": {
                "min": 1,
                "max": 64
              }
            }
          ]
        }
      }
    },
    "rewards": {
      "function": "qfe:brewing/strong_harming_potion"
    }
  }