{
    "display": {
      "icon": {
        "item": "minecraft:lingering_potion",
        "nbt": "{Potion:'minecraft:strong_strength'}"
      },
      "title": "Lingering Potion of Strength",
      "description": "Strength II (0:22)",
      "frame": "task",
      "show_toast": true,
      "announce_to_chat": true,
      "hidden": false
    },
    "parent": "qfe:brewing/strong_strength_splash_potion",
    "criteria": {
      "has_cobblestone": {
        "trigger": "minecraft:inventory_changed",
        "conditions": {
          "items": [
            {
                "items": ["minecraft:lingering_potion"],
                "potion": "minecraft:strong_strength",
              "count": {
                "min": 1,
                "max": 64
              }
            }
          ]
        }
      }
    },
    "rewards": {
      "function": "qfe:brewing/strong_strength_lingering_potion"
    }
  }