{
    "display": {
      "icon": {
        "item": "minecraft:sugar"
      },
      "title": "Sugar",
      "description": "Obtain Sugar",
      "frame": "task",
      "show_toast": true,
      "announce_to_chat": true,
      "hidden": false
    },
    "parent": "qfe:brewing/root",
    "criteria": {
      "has_cobblestone": {
        "trigger": "minecraft:inventory_changed",
        "conditions": {
          "items": [
            {
              "items": ["minecraft:sugar"],
              "count": {
                "min": 1,
                "max": 64
              }
            }
          ]
        }
      }
    },
    "rewards": {
      "function": "qfe:brewing/sugar"
    }
  }