{
    "display": {
      "icon": {
        "item": "minecraft:lingering_potion",
        "nbt": "{Potion:'minecraft:turtle_master'}"
      },
      "title": "Lingering Potion of Turtle Master",
      "description": "Slowness IV (0:05), Resistance III (0:05)",
      "frame": "task",
      "show_toast": true,
      "announce_to_chat": true,
      "hidden": false
    },
    "parent": "qfe:brewing/turtle_master_splash_potion",
    "criteria": {
      "has_cobblestone": {
        "trigger": "minecraft:inventory_changed",
        "conditions": {
          "items": [
            {
                "items": ["minecraft:lingering_potion"],
                "potion": "minecraft:turtle_master",
              "count": {
                "min": 1,
                "max": 64
              }
            }
          ]
        }
      }
    },
    "rewards": {
      "function": "qfe:brewing/turtle_master_lingering_potion"
    }
  }